<?xml version="1.0" encoding="UTF-8"?>
<software><info><version>137.6</version><lasterror>1458161166</lasterror><!--All or part of this script is using code originally created for and included in the following software: http://www.codingforums.com/post-php-snippet/205066-youtube-mp3-conversion-php-class-script.html. More information about the original software can be obtained here: https://www.facebook.com/pages/Youtube-to-Mp3-Conversion-Script-Free-Commercial-PHP-Software/128039504063914.--></info><decryption><funcgroup siglength="93"><func><name>func56e7a01ae58c93_62904352</name><args>$a</args><code>	$a = str_split($a);
	$a = self::func56e7a01ae58f99_85723877($a,26);
	$a = self::func56e7a01ae59013_91421214($a,3);
	$a = self::func56e7a01ae59083_91133382($a,0);
	$a = self::func56e7a01ae59013_91421214($a,3);
	$a = self::func56e7a01ae59083_91133382($a,16);
	$a = self::func56e7a01ae59013_91421214($a,3);
	$a = self::func56e7a01ae58f99_85723877($a,61);
	$a = self::func56e7a01ae59013_91421214($a,3);
	$a = self::func56e7a01ae59083_91133382($a,9);
	return implode("", $a);
</code></func><func><name>func56e7a01ae58f99_85723877</name><args>$a,$b</args><code>	$c = $a[0];
	$a[0] = $a[$b%count($a)];
	$a[$b] = $c;
	return $a;
</code></func><func><name>func56e7a01ae59013_91421214</name><args>$a,$b</args><code>	array_splice($a, 0, $b);
	return $a;
</code></func><func><name>func56e7a01ae59083_91133382</name><args>$a</args><code>	return array_reverse($a);
</code></func></funcgroup><funcgroup siglength="92"><func><name>func56e7a01ae6c1e6_25366583</name><args>$a</args><code>	$a = str_split($a);
	$a = self::func56e7a01ae6c368_26243721($a,3);
	$a = self::func56e7a01ae6c3e4_48186930($a,44);
	$a = self::func56e7a01ae6c368_26243721($a,1);
	$a = self::func56e7a01ae6c458_82876708($a,55);
	$a = self::func56e7a01ae6c368_26243721($a,1);
	$a = self::func56e7a01ae6c458_82876708($a,34);
	$a = self::func56e7a01ae6c368_26243721($a,3);
	$a = self::func56e7a01ae6c458_82876708($a,17);
	$a = self::func56e7a01ae6c368_26243721($a,3);
	return implode("", $a);
</code></func><func><name>func56e7a01ae6c368_26243721</name><args>$a,$b</args><code>	array_splice($a, 0, $b);
	return $a;
</code></func><func><name>func56e7a01ae6c3e4_48186930</name><args>$a,$b</args><code>	$c = $a[0];
	$a[0] = $a[$b%count($a)];
	$a[$b] = $c;
	return $a;
</code></func><func><name>func56e7a01ae6c458_82876708</name><args>$a</args><code>	return array_reverse($a);
</code></func></funcgroup><funcgroup siglength="91"><func><name>func56e7a01ae84dd2_75228202</name><args>$a</args><code>	$a = str_split($a);
	$a = self::func56e7a01ae84f41_61561649($a,3);
	$a = self::func56e7a01ae84fc9_95204602($a,27);
	$a = self::func56e7a01ae85037_20755556($a,23);
	$a = self::func56e7a01ae84f41_61561649($a,2);
	$a = self::func56e7a01ae84fc9_95204602($a,29);
	$a = self::func56e7a01ae84f41_61561649($a,2);
	$a = self::func56e7a01ae85037_20755556($a,70);
	$a = self::func56e7a01ae84f41_61561649($a,3);
	return implode("", $a);
</code></func><func><name>func56e7a01ae84f41_61561649</name><args>$a,$b</args><code>	array_splice($a, 0, $b);
	return $a;
</code></func><func><name>func56e7a01ae84fc9_95204602</name><args>$a,$b</args><code>	$c = $a[0];
	$a[0] = $a[$b%count($a)];
	$a[$b] = $c;
	return $a;
</code></func><func><name>func56e7a01ae85037_20755556</name><args>$a</args><code>	return array_reverse($a);
</code></func></funcgroup><funcgroup siglength="90"><func><name>func56e7a01ae964a5_50259029</name><args>$a</args><code>	$a = str_split($a);
	$a = self::func56e7a01ae965f1_85839402($a,40);
	$a = self::func56e7a01ae96670_65970846($a,3);
	$a = self::func56e7a01ae965f1_85839402($a,53);
	$a = self::func56e7a01ae965f1_85839402($a,11);
	$a = self::func56e7a01ae96670_65970846($a,3);
	$a = self::func56e7a01ae966f6_78952433($a,8);
	$a = self::func56e7a01ae96670_65970846($a,3);
	$a = self::func56e7a01ae965f1_85839402($a,16);
	$a = self::func56e7a01ae966f6_78952433($a,75);
	return implode("", $a);
</code></func><func><name>func56e7a01ae965f1_85839402</name><args>$a,$b</args><code>	$c = $a[0];
	$a[0] = $a[$b%count($a)];
	$a[$b] = $c;
	return $a;
</code></func><func><name>func56e7a01ae96670_65970846</name><args>$a,$b</args><code>	array_splice($a, 0, $b);
	return $a;
</code></func><func><name>func56e7a01ae966f6_78952433</name><args>$a</args><code>	return array_reverse($a);
</code></func></funcgroup><funcgroup siglength="89"><func><name>func56e7a01aea9086_32593214</name><args>$a</args><code>	$a = str_split($a);
	$a = self::func56e7a01aea9315_73379723($a,3);
	$a = self::func56e7a01aea93a8_30053576($a,27);
	$a = self::func56e7a01aea9429_02520114($a,23);
	$a = self::func56e7a01aea9315_73379723($a,2);
	$a = self::func56e7a01aea93a8_30053576($a,29);
	$a = self::func56e7a01aea9315_73379723($a,2);
	$a = self::func56e7a01aea9429_02520114($a,70);
	$a = self::func56e7a01aea9315_73379723($a,3);
	return implode("", $a);
</code></func><func><name>func56e7a01aea9315_73379723</name><args>$a,$b</args><code>	array_splice($a, 0, $b);
	return $a;
</code></func><func><name>func56e7a01aea93a8_30053576</name><args>$a,$b</args><code>	$c = $a[0];
	$a[0] = $a[$b%count($a)];
	$a[$b] = $c;
	return $a;
</code></func><func><name>func56e7a01aea9429_02520114</name><args>$a</args><code>	return array_reverse($a);
</code></func></funcgroup><funcgroup siglength="88"><func><name>func56e7a01aeba739_15944101</name><args>$a</args><code>	$a = str_split($a);
	$a = self::func56e7a01aeba8a9_59631169($a,1);
	$a = self::func56e7a01aeba936_87146067($a,55);
	$a = self::func56e7a01aeba936_87146067($a,32);
	$a = self::func56e7a01aeba936_87146067($a,39);
	$a = self::func56e7a01aeba9a4_03773389($a,77);
	$a = self::func56e7a01aeba8a9_59631169($a,3);
	$a = self::func56e7a01aeba9a4_03773389($a,6);
	$a = self::func56e7a01aeba936_87146067($a,66);
	$a = self::func56e7a01aeba8a9_59631169($a,3);
	return implode("", $a);
</code></func><func><name>func56e7a01aeba8a9_59631169</name><args>$a,$b</args><code>	array_splice($a, 0, $b);
	return $a;
</code></func><func><name>func56e7a01aeba936_87146067</name><args>$a,$b</args><code>	$c = $a[0];
	$a[0] = $a[$b%count($a)];
	$a[$b] = $c;
	return $a;
</code></func><func><name>func56e7a01aeba9a4_03773389</name><args>$a</args><code>	return array_reverse($a);
</code></func></funcgroup><funcgroup siglength="87"><func><name>func56e7a01aed70b0_37848270</name><args>$a</args><code>	$a = str_split($a);
	$a = self::func56e7a01aed7368_09429451($a,42);
	$a = self::func56e7a01aed7416_04671259($a,80);
	$a = self::func56e7a01aed7368_09429451($a,14);
	$a = self::func56e7a01aed7484_22694242($a,3);
	$a = self::func56e7a01aed7416_04671259($a,25);
	$a = self::func56e7a01aed7484_22694242($a,1);
	$a = self::func56e7a01aed7416_04671259($a,77);
	$a = self::func56e7a01aed7484_22694242($a,2);
	return implode("", $a);
</code></func><func><name>func56e7a01aed7368_09429451</name><args>$a,$b</args><code>	$c = $a[0];
	$a[0] = $a[$b%count($a)];
	$a[$b] = $c;
	return $a;
</code></func><func><name>func56e7a01aed7416_04671259</name><args>$a</args><code>	return array_reverse($a);
</code></func><func><name>func56e7a01aed7484_22694242</name><args>$a,$b</args><code>	array_splice($a, 0, $b);
	return $a;
</code></func></funcgroup><funcgroup siglength="86"><func><name>func56e7a01aeef8f4_52328051</name><args>$a</args><code>	$a = str_split($a);
	$a = self::func56e7a01aeefa67_03320445($a,1);
	$a = self::func56e7a01aeefaf4_74320028($a,55);
	$a = self::func56e7a01aeefaf4_74320028($a,32);
	$a = self::func56e7a01aeefaf4_74320028($a,39);
	$a = self::func56e7a01aeefb61_26540625($a,77);
	$a = self::func56e7a01aeefa67_03320445($a,3);
	$a = self::func56e7a01aeefb61_26540625($a,6);
	$a = self::func56e7a01aeefaf4_74320028($a,66);
	$a = self::func56e7a01aeefa67_03320445($a,3);
	return implode("", $a);
</code></func><func><name>func56e7a01aeefa67_03320445</name><args>$a,$b</args><code>	array_splice($a, 0, $b);
	return $a;
</code></func><func><name>func56e7a01aeefaf4_74320028</name><args>$a,$b</args><code>	$c = $a[0];
	$a[0] = $a[$b%count($a)];
	$a[$b] = $c;
	return $a;
</code></func><func><name>func56e7a01aeefb61_26540625</name><args>$a</args><code>	return array_reverse($a);
</code></func></funcgroup><funcgroup siglength="85"><func><name>func56e7a01af01982_11702244</name><args>$a</args><code>	$a = str_split($a);
	$a = self::func56e7a01af01ae6_53526134($a,42);
	$a = self::func56e7a01af01b69_02856406($a,80);
	$a = self::func56e7a01af01ae6_53526134($a,14);
	$a = self::func56e7a01af01bd3_33448969($a,3);
	$a = self::func56e7a01af01b69_02856406($a,25);
	$a = self::func56e7a01af01bd3_33448969($a,1);
	$a = self::func56e7a01af01b69_02856406($a,77);
	$a = self::func56e7a01af01bd3_33448969($a,2);
	return implode("", $a);
</code></func><func><name>func56e7a01af01ae6_53526134</name><args>$a,$b</args><code>	$c = $a[0];
	$a[0] = $a[$b%count($a)];
	$a[$b] = $c;
	return $a;
</code></func><func><name>func56e7a01af01b69_02856406</name><args>$a</args><code>	return array_reverse($a);
</code></func><func><name>func56e7a01af01bd3_33448969</name><args>$a,$b</args><code>	array_splice($a, 0, $b);
	return $a;
</code></func></funcgroup><funcgroup siglength="84"><func><name>func56e7a01af28ee5_83451021</name><args>$a</args><code>	$a = str_split($a);
	$a = self::func56e7a01af29070_85895956($a,16);
	$a = self::func56e7a01af29106_88407909($a,5);
	$a = self::func56e7a01af29182_62977047($a,3);
	$a = self::func56e7a01af29106_88407909($a,27);
	return implode("", $a);
</code></func><func><name>func56e7a01af29070_85895956</name><args>$a,$b</args><code>	$c = $a[0];
	$a[0] = $a[$b%count($a)];
	$a[$b] = $c;
	return $a;
</code></func><func><name>func56e7a01af29106_88407909</name><args>$a</args><code>	return array_reverse($a);
</code></func><func><name>func56e7a01af29182_62977047</name><args>$a,$b</args><code>	array_splice($a, 0, $b);
	return $a;
</code></func></funcgroup><funcgroup siglength="83"><func><name>func56e7a01b002212_64682916</name><args>$a</args><code>	$a = str_split($a);
	$a = self::func56e7a01b0023a8_49864588($a,42);
	$a = self::func56e7a01b0029d6_38513044($a,40);
	$a = self::func56e7a01b002a86_24936431($a,2);
	return implode("", $a);
</code></func><func><name>func56e7a01b0023a8_49864588</name><args>$a</args><code>	return array_reverse($a);
</code></func><func><name>func56e7a01b0029d6_38513044</name><args>$a,$b</args><code>	$c = $a[0];
	$a[0] = $a[$b%count($a)];
	$a[$b] = $c;
	return $a;
</code></func><func><name>func56e7a01b002a86_24936431</name><args>$a,$b</args><code>	array_splice($a, 0, $b);
	return $a;
</code></func></funcgroup><funcgroup siglength="82"><func><name>func56e7a01b01a522_08060733</name><args>$a</args><code>	$a = str_split($a);
	$a = self::func56e7a01b01a6b1_23111665($a,48);
	$a = self::func56e7a01b01a751_68217964($a,22);
	$a = self::func56e7a01b01a7c2_69155097($a,1);
	$a = self::func56e7a01b01a751_68217964($a,11);
	return implode("", $a);
</code></func><func><name>func56e7a01b01a6b1_23111665</name><args>$a,$b</args><code>	$c = $a[0];
	$a[0] = $a[$b%count($a)];
	$a[$b] = $c;
	return $a;
</code></func><func><name>func56e7a01b01a751_68217964</name><args>$a</args><code>	return array_reverse($a);
</code></func><func><name>func56e7a01b01a7c2_69155097</name><args>$a,$b</args><code>	array_splice($a, 0, $b);
	return $a;
</code></func></funcgroup><funcgroup siglength="81"><func><name>func56e7a01b02fa99_34374433</name><args>$a</args><code>	$a = str_split($a);
	$a = self::func56e7a01b02fc10_74089889($a,42);
	$a = self::func56e7a01b02fc92_49550894($a,40);
	$a = self::func56e7a01b02fd06_30758657($a,2);
	return implode("", $a);
</code></func><func><name>func56e7a01b02fc10_74089889</name><args>$a</args><code>	return array_reverse($a);
</code></func><func><name>func56e7a01b02fc92_49550894</name><args>$a,$b</args><code>	$c = $a[0];
	$a[0] = $a[$b%count($a)];
	$a[$b] = $c;
	return $a;
</code></func><func><name>func56e7a01b02fd06_30758657</name><args>$a,$b</args><code>	array_splice($a, 0, $b);
	return $a;
</code></func></funcgroup><funcgroup siglength="80"><func><name>func56e7a01b0457f9_44534481</name><args>$a</args><code>	$a = str_split($a);
	$a = self::func56e7a01b045982_14141330($a,10);
	$a = self::func56e7a01b045a08_02626917($a,67);
	$a = self::func56e7a01b045a08_02626917($a,1);
	$a = self::func56e7a01b045982_14141330($a,25);
	$a = self::func56e7a01b045a79_56312191($a,1);
	$a = self::func56e7a01b045a08_02626917($a,17);
	return implode("", $a);
</code></func><func><name>func56e7a01b045982_14141330</name><args>$a</args><code>	return array_reverse($a);
</code></func><func><name>func56e7a01b045a08_02626917</name><args>$a,$b</args><code>	$c = $a[0];
	$a[0] = $a[$b%count($a)];
	$a[$b] = $c;
	return $a;
</code></func><func><name>func56e7a01b045a79_56312191</name><args>$a,$b</args><code>	array_splice($a, 0, $b);
	return $a;
</code></func></funcgroup><funcgroup siglength="79"><func><name>func56e7a01b05aa77_50878474</name><args>$a</args><code>	$a = str_split($a);
	$a = self::func56e7a01b05abf4_28529303($a,44);
	$a = self::func56e7a01b05abf4_28529303($a,49);
	$a = self::func56e7a01b05ac63_26966195($a,63);
	return implode("", $a);
</code></func><func><name>func56e7a01b05abf4_28529303</name><args>$a,$b</args><code>	$c = $a[0];
	$a[0] = $a[$b%count($a)];
	$a[$b] = $c;
	return $a;
</code></func><func><name>func56e7a01b05ac63_26966195</name><args>$a</args><code>	return array_reverse($a);
</code></func></funcgroup></decryption></software>
