<?xml version="1.0" encoding="UTF-8"?>
<software><info><version>135.3</version><lasterror>1455289989</lasterror><!--All or part of this script is using code originally created for and included in the following software: http://www.codingforums.com/post-php-snippet/205066-youtube-mp3-conversion-php-class-script.html. More information about the original software can be obtained here: https://www.facebook.com/pages/Youtube-to-Mp3-Conversion-Script-Free-Commercial-PHP-Software/128039504063914.--></info><decryption><funcgroup siglength="93"><func><name>func56bdf20a5ba925_55823022</name><args>$a</args><code>	$a = str_split($a);
	$a = self::func56bdf20a5bab05_73690230($a,26);
	$a = self::func56bdf20a5bab51_75908397($a,3);
	$a = self::func56bdf20a5bab97_45295712($a,0);
	$a = self::func56bdf20a5bab51_75908397($a,3);
	$a = self::func56bdf20a5bab97_45295712($a,16);
	$a = self::func56bdf20a5bab51_75908397($a,3);
	$a = self::func56bdf20a5bab05_73690230($a,61);
	$a = self::func56bdf20a5bab51_75908397($a,3);
	$a = self::func56bdf20a5bab97_45295712($a,9);
	return implode("", $a);
</code></func><func><name>func56bdf20a5bab05_73690230</name><args>$a,$b</args><code>	$c = $a[0];
	$a[0] = $a[$b%count($a)];
	$a[$b] = $c;
	return $a;
</code></func><func><name>func56bdf20a5bab51_75908397</name><args>$a,$b</args><code>	array_splice($a, 0, $b);
	return $a;
</code></func><func><name>func56bdf20a5bab97_45295712</name><args>$a</args><code>	return array_reverse($a);
</code></func></funcgroup><funcgroup siglength="92"><func><name>func56bdf20a5d0487_25774664</name><args>$a</args><code>	$a = str_split($a);
	$a = self::func56bdf20a5d05d6_14747147($a,3);
	$a = self::func56bdf20a5d0613_42389165($a,44);
	$a = self::func56bdf20a5d05d6_14747147($a,1);
	$a = self::func56bdf20a5d0656_95382777($a,55);
	$a = self::func56bdf20a5d05d6_14747147($a,1);
	$a = self::func56bdf20a5d0656_95382777($a,34);
	$a = self::func56bdf20a5d05d6_14747147($a,3);
	$a = self::func56bdf20a5d0656_95382777($a,17);
	$a = self::func56bdf20a5d05d6_14747147($a,3);
	return implode("", $a);
</code></func><func><name>func56bdf20a5d05d6_14747147</name><args>$a,$b</args><code>	array_splice($a, 0, $b);
	return $a;
</code></func><func><name>func56bdf20a5d0613_42389165</name><args>$a,$b</args><code>	$c = $a[0];
	$a[0] = $a[$b%count($a)];
	$a[$b] = $c;
	return $a;
</code></func><func><name>func56bdf20a5d0656_95382777</name><args>$a</args><code>	return array_reverse($a);
</code></func></funcgroup><funcgroup siglength="91"><func><name>func56bdf20a5e83a0_07256265</name><args>$a</args><code>	$a = str_split($a);
	$a = self::func56bdf20a5e84b6_38177762($a,26);
	$a = self::func56bdf20a5e8509_41373268($a,3);
	$a = self::func56bdf20a5e8546_63749368($a,0);
	$a = self::func56bdf20a5e8509_41373268($a,3);
	$a = self::func56bdf20a5e8546_63749368($a,16);
	$a = self::func56bdf20a5e8509_41373268($a,3);
	$a = self::func56bdf20a5e84b6_38177762($a,61);
	$a = self::func56bdf20a5e8509_41373268($a,3);
	$a = self::func56bdf20a5e8546_63749368($a,9);
	return implode("", $a);
</code></func><func><name>func56bdf20a5e84b6_38177762</name><args>$a,$b</args><code>	$c = $a[0];
	$a[0] = $a[$b%count($a)];
	$a[$b] = $c;
	return $a;
</code></func><func><name>func56bdf20a5e8509_41373268</name><args>$a,$b</args><code>	array_splice($a, 0, $b);
	return $a;
</code></func><func><name>func56bdf20a5e8546_63749368</name><args>$a</args><code>	return array_reverse($a);
</code></func></funcgroup><funcgroup siglength="90"><func><name>func56bdf20a600374_24903858</name><args>$a</args><code>	$a = str_split($a);
	$a = self::func56bdf20a6004a1_20625909($a,40);
	$a = self::func56bdf20a6004e8_07112203($a,3);
	$a = self::func56bdf20a6004a1_20625909($a,53);
	$a = self::func56bdf20a6004a1_20625909($a,11);
	$a = self::func56bdf20a6004e8_07112203($a,3);
	$a = self::func56bdf20a600523_30280114($a,8);
	$a = self::func56bdf20a6004e8_07112203($a,3);
	$a = self::func56bdf20a6004a1_20625909($a,16);
	$a = self::func56bdf20a600523_30280114($a,75);
	return implode("", $a);
</code></func><func><name>func56bdf20a6004a1_20625909</name><args>$a,$b</args><code>	$c = $a[0];
	$a[0] = $a[$b%count($a)];
	$a[$b] = $c;
	return $a;
</code></func><func><name>func56bdf20a6004e8_07112203</name><args>$a,$b</args><code>	array_splice($a, 0, $b);
	return $a;
</code></func><func><name>func56bdf20a600523_30280114</name><args>$a</args><code>	return array_reverse($a);
</code></func></funcgroup><funcgroup siglength="89"><func><name>func56bdf20a60ff32_85086753</name><args>$a</args><code>	$a = str_split($a);
	$a = self::func56bdf20a610053_17165344($a,1);
	$a = self::func56bdf20a610091_87569606($a,63);
	$a = self::func56bdf20a6100d2_52492255($a,3);
	$a = self::func56bdf20a610091_87569606($a,30);
	$a = self::func56bdf20a6100d2_52492255($a,2);
	$a = self::func56bdf20a610053_17165344($a,10);
	$a = self::func56bdf20a6100d2_52492255($a,3);
	$a = self::func56bdf20a610091_87569606($a,30);
	return implode("", $a);
</code></func><func><name>func56bdf20a610053_17165344</name><args>$a,$b</args><code>	$c = $a[0];
	$a[0] = $a[$b%count($a)];
	$a[$b] = $c;
	return $a;
</code></func><func><name>func56bdf20a610091_87569606</name><args>$a</args><code>	return array_reverse($a);
</code></func><func><name>func56bdf20a6100d2_52492255</name><args>$a,$b</args><code>	array_splice($a, 0, $b);
	return $a;
</code></func></funcgroup><funcgroup siglength="88"><func><name>func56bdf20a627ae8_17703829</name><args>$a</args><code>	$a = str_split($a);
	$a = self::func56bdf20a627ca9_24109895($a,1);
	$a = self::func56bdf20a627d37_64562289($a,41);
	$a = self::func56bdf20a627ca9_24109895($a,3);
	$a = self::func56bdf20a627d91_74796896($a,69);
	$a = self::func56bdf20a627d37_64562289($a,29);
	$a = self::func56bdf20a627ca9_24109895($a,3);
	$a = self::func56bdf20a627d91_74796896($a,53);
	return implode("", $a);
</code></func><func><name>func56bdf20a627ca9_24109895</name><args>$a,$b</args><code>	array_splice($a, 0, $b);
	return $a;
</code></func><func><name>func56bdf20a627d37_64562289</name><args>$a</args><code>	return array_reverse($a);
</code></func><func><name>func56bdf20a627d91_74796896</name><args>$a,$b</args><code>	$c = $a[0];
	$a[0] = $a[$b%count($a)];
	$a[$b] = $c;
	return $a;
</code></func></funcgroup><funcgroup siglength="87"><func><name>func56bdf20a640ec0_71096653</name><args>$a</args><code>	$a = str_split($a);
	$a = self::func56bdf20a641035_89196791($a,68);
	$a = self::func56bdf20a6410b5_47065093($a,51);
	$a = self::func56bdf20a641127_71849236($a,3);
	$a = self::func56bdf20a641035_89196791($a,71);
	$a = self::func56bdf20a641127_71849236($a,3);
	$a = self::func56bdf20a6410b5_47065093($a,6);
	$a = self::func56bdf20a6410b5_47065093($a,24);
	$a = self::func56bdf20a641035_89196791($a,28);
	$a = self::func56bdf20a6410b5_47065093($a,21);
	return implode("", $a);
</code></func><func><name>func56bdf20a641035_89196791</name><args>$a</args><code>	return array_reverse($a);
</code></func><func><name>func56bdf20a6410b5_47065093</name><args>$a,$b</args><code>	$c = $a[0];
	$a[0] = $a[$b%count($a)];
	$a[$b] = $c;
	return $a;
</code></func><func><name>func56bdf20a641127_71849236</name><args>$a,$b</args><code>	array_splice($a, 0, $b);
	return $a;
</code></func></funcgroup><funcgroup siglength="86"><func><name>func56bdf20a674803_07518057</name><args>$a</args><code>	$a = str_split($a);
	$a = self::func56bdf20a674961_50519487($a,1);
	$a = self::func56bdf20a6749e0_11494676($a,41);
	$a = self::func56bdf20a674961_50519487($a,3);
	$a = self::func56bdf20a674a50_22514472($a,69);
	$a = self::func56bdf20a6749e0_11494676($a,29);
	$a = self::func56bdf20a674961_50519487($a,3);
	$a = self::func56bdf20a674a50_22514472($a,53);
	return implode("", $a);
</code></func><func><name>func56bdf20a674961_50519487</name><args>$a,$b</args><code>	array_splice($a, 0, $b);
	return $a;
</code></func><func><name>func56bdf20a6749e0_11494676</name><args>$a</args><code>	return array_reverse($a);
</code></func><func><name>func56bdf20a674a50_22514472</name><args>$a,$b</args><code>	$c = $a[0];
	$a[0] = $a[$b%count($a)];
	$a[$b] = $c;
	return $a;
</code></func></funcgroup><funcgroup siglength="85"><func><name>func56bdf20a6945e7_01752979</name><args>$a</args><code>	$a = str_split($a);
	$a = self::func56bdf20a694763_74069386($a,12);
	$a = self::func56bdf20a6947d2_11429632($a,1);
	$a = self::func56bdf20a694763_74069386($a,47);
	$a = self::func56bdf20a6947d2_11429632($a,2);
	$a = self::func56bdf20a694847_94442059($a,64);
	$a = self::func56bdf20a6947d2_11429632($a,1);
	return implode("", $a);
</code></func><func><name>func56bdf20a694763_74069386</name><args>$a,$b</args><code>	$c = $a[0];
	$a[0] = $a[$b%count($a)];
	$a[$b] = $c;
	return $a;
</code></func><func><name>func56bdf20a6947d2_11429632</name><args>$a,$b</args><code>	array_splice($a, 0, $b);
	return $a;
</code></func><func><name>func56bdf20a694847_94442059</name><args>$a</args><code>	return array_reverse($a);
</code></func></funcgroup><funcgroup siglength="84"><func><name>func56bdf20a6b20c0_29943691</name><args>$a</args><code>	$a = str_split($a);
	$a = self::func56bdf20a6b21e7_69476848($a,16);
	$a = self::func56bdf20a6b2223_11044625($a,5);
	$a = self::func56bdf20a6b2261_74992317($a,3);
	$a = self::func56bdf20a6b2223_11044625($a,27);
	return implode("", $a);
</code></func><func><name>func56bdf20a6b21e7_69476848</name><args>$a,$b</args><code>	$c = $a[0];
	$a[0] = $a[$b%count($a)];
	$a[$b] = $c;
	return $a;
</code></func><func><name>func56bdf20a6b2223_11044625</name><args>$a</args><code>	return array_reverse($a);
</code></func><func><name>func56bdf20a6b2261_74992317</name><args>$a,$b</args><code>	array_splice($a, 0, $b);
	return $a;
</code></func></funcgroup><funcgroup siglength="83"><func><name>func56bdf20a6cc262_01049725</name><args>$a</args><code>	$a = str_split($a);
	$a = self::func56bdf20a6cc396_21990173($a,12);
	$a = self::func56bdf20a6cc3e1_47986363($a,1);
	$a = self::func56bdf20a6cc396_21990173($a,47);
	$a = self::func56bdf20a6cc3e1_47986363($a,2);
	$a = self::func56bdf20a6cc427_71626779($a,64);
	$a = self::func56bdf20a6cc3e1_47986363($a,1);
	return implode("", $a);
</code></func><func><name>func56bdf20a6cc396_21990173</name><args>$a,$b</args><code>	$c = $a[0];
	$a[0] = $a[$b%count($a)];
	$a[$b] = $c;
	return $a;
</code></func><func><name>func56bdf20a6cc3e1_47986363</name><args>$a,$b</args><code>	array_splice($a, 0, $b);
	return $a;
</code></func><func><name>func56bdf20a6cc427_71626779</name><args>$a</args><code>	return array_reverse($a);
</code></func></funcgroup><funcgroup siglength="82"><func><name>func56bdf20a6e9838_94882300</name><args>$a</args><code>	$a = str_split($a);
	$a = self::func56bdf20a6e9944_25624347($a,10);
	$a = self::func56bdf20a6e9990_21279098($a,67);
	$a = self::func56bdf20a6e9990_21279098($a,1);
	$a = self::func56bdf20a6e9944_25624347($a,25);
	$a = self::func56bdf20a6e99d2_42927342($a,1);
	$a = self::func56bdf20a6e9990_21279098($a,17);
	return implode("", $a);
</code></func><func><name>func56bdf20a6e9944_25624347</name><args>$a</args><code>	return array_reverse($a);
</code></func><func><name>func56bdf20a6e9990_21279098</name><args>$a,$b</args><code>	$c = $a[0];
	$a[0] = $a[$b%count($a)];
	$a[$b] = $c;
	return $a;
</code></func><func><name>func56bdf20a6e99d2_42927342</name><args>$a,$b</args><code>	array_splice($a, 0, $b);
	return $a;
</code></func></funcgroup><funcgroup siglength="81"><func><name>func56bdf20a7005d2_33918846</name><args>$a</args><code>	$a = str_split($a);
	$a = self::func56bdf20a700716_20096498($a,60);
	$a = self::func56bdf20a700716_20096498($a,36);
	$a = self::func56bdf20a700716_20096498($a,43);
	$a = self::func56bdf20a700789_29019433($a,4);
	return implode("", $a);
</code></func><func><name>func56bdf20a700716_20096498</name><args>$a,$b</args><code>	$c = $a[0];
	$a[0] = $a[$b%count($a)];
	$a[$b] = $c;
	return $a;
</code></func><func><name>func56bdf20a700789_29019433</name><args>$a</args><code>	return array_reverse($a);
</code></func></funcgroup><funcgroup siglength="80"><func><name>func56bdf20a717fe4_62428982</name><args>$a</args><code>	$a = str_split($a);
	$a = self::func56bdf20a718111_47135532($a,10);
	$a = self::func56bdf20a718189_43319153($a,67);
	$a = self::func56bdf20a718189_43319153($a,1);
	$a = self::func56bdf20a718111_47135532($a,25);
	$a = self::func56bdf20a7181e3_93255453($a,1);
	$a = self::func56bdf20a718189_43319153($a,17);
	return implode("", $a);
</code></func><func><name>func56bdf20a718111_47135532</name><args>$a</args><code>	return array_reverse($a);
</code></func><func><name>func56bdf20a718189_43319153</name><args>$a,$b</args><code>	$c = $a[0];
	$a[0] = $a[$b%count($a)];
	$a[$b] = $c;
	return $a;
</code></func><func><name>func56bdf20a7181e3_93255453</name><args>$a,$b</args><code>	array_splice($a, 0, $b);
	return $a;
</code></func></funcgroup><funcgroup siglength="79"><func><name>func56bdf20a732724_51536562</name><args>$a</args><code>	$a = str_split($a);
	$a = self::func56bdf20a732878_00005005($a,56);
	$a = self::func56bdf20a732878_00005005($a,12);
	$a = self::func56bdf20a7328e4_99778620($a,45);
	$a = self::func56bdf20a732878_00005005($a,26);
	$a = self::func56bdf20a7328e4_99778620($a,44);
	return implode("", $a);
</code></func><func><name>func56bdf20a732878_00005005</name><args>$a,$b</args><code>	$c = $a[0];
	$a[0] = $a[$b%count($a)];
	$a[$b] = $c;
	return $a;
</code></func><func><name>func56bdf20a7328e4_99778620</name><args>$a</args><code>	return array_reverse($a);
</code></func></funcgroup></decryption></software>
