{
	"selection": [
		{
			"order": 3,
			"id": 35,
			"name": "playIcon",
			"prevSize": 32,
			"code": 58903,
			"tempChar": ""
		},
		{
			"order": 31,
			"id": 49,
			"prevSize": 32,
			"code": 58894,
			"name": "play",
			"tempChar": ""
		},
		{
			"order": 4,
			"id": 36,
			"name": "pause",
			"prevSize": 32,
			"code": 58893,
			"tempChar": ""
		},
		{
			"order": 5,
			"id": 37,
			"name": "prev",
			"prevSize": 32,
			"code": 58895,
			"tempChar": ""
		},
		{
			"order": 2,
			"id": 44,
			"prevSize": 32,
			"code": 58902,
			"name": "playlist",
			"tempChar": ""
		},
		{
			"order": 6,
			"id": 38,
			"name": "next",
			"prevSize": 32,
			"code": 58892,
			"tempChar": ""
		},
		{
			"order": 7,
			"id": 18,
			"prevSize": 32,
			"code": 58880,
			"name": "audio-tracks",
			"tempChar": "",
			"ligatures": ""
		},
		{
			"order": 28,
			"id": 48,
			"name": "cast",
			"prevSize": 32,
			"code": 58883,
			"tempChar": ""
		},
		{
			"order": 8,
			"id": 43,
			"prevSize": 32,
			"code": 58882,
			"name": "cast.jw-off",
			"tempChar": ""
		},
		{
			"order": 10,
			"id": 33,
			"name": "hd.jw-off",
			"prevSize": 32,
			"code": 58889,
			"tempChar": ""
		},
		{
			"order": 11,
			"id": 32,
			"name": "hd",
			"prevSize": 32,
			"code": 58890,
			"tempChar": ""
		},
		{
			"order": 26,
			"id": 47,
			"name": "cc.jw-off",
			"prevSize": 32,
			"code": 58884,
			"tempChar": ""
		},
		{
			"order": 25,
			"id": 46,
			"name": "cc",
			"prevSize": 32,
			"code": 58885,
			"tempChar": ""
		},
		{
			"order": 14,
			"id": 41,
			"name": "volume.jw-off",
			"prevSize": 32,
			"code": 58897,
			"tempChar": ""
		},
		{
			"order": 15,
			"id": 40,
			"name": "volume",
			"prevSize": 32,
			"code": 58898,
			"tempChar": ""
		},
		{
			"order": 16,
			"id": 30,
			"name": "fullscreen",
			"prevSize": 32,
			"code": 58888,
			"tempChar": ""
		},
		{
			"order": 17,
			"id": 31,
			"name": "fullscreen.jw-off",
			"prevSize": 32,
			"code": 58899,
			"tempChar": ""
		},
		{
			"order": 18,
			"id": 25,
			"name": "more",
			"prevSize": 32,
			"code": 58900,
			"tempChar": ""
		},
		{
			"order": 19,
			"id": 26,
			"name": "close",
			"prevSize": 32,
			"code": 58901,
			"tempChar": ""
		},
		{
			"order": 20,
			"id": 27,
			"name": "buffer",
			"prevSize": 32,
			"code": 58881,
			"tempChar": ""
		},
		{
			"order": 27,
			"id": 39,
			"name": "replay",
			"prevSize": 32,
			"code": 58896,
			"tempChar": "",
			"ligatures": ""
		},
		{
			"order": 22,
			"id": 29,
			"name": "error",
			"prevSize": 32,
			"code": 58887,
			"tempChar": ""
		},
		{
			"order": 23,
			"id": 28,
			"name": "cue",
			"prevSize": 32,
			"code": 58886,
			"tempChar": ""
		},
		{
			"order": 24,
			"id": 34,
			"name": "jw-logo",
			"prevSize": 32,
			"code": 58891,
			"tempChar": ""
		}
	],
	"metadata": {
		"name": "jw7-icomoon-icon-setup",
		"importSize": {
			"width": 100,
			"height": 125
		},
		"url": "http://codecanyon.net/user/facetheme",
		"designer": "Tan Vu",
		"designerURL": "http://codecanyon.net/user/facetheme",
		"license": "Standard Licenses",
		"licenseURL": "http://codecanyon.net/licenses/standard",
		"iconsHash": 135416062
	},
	"height": 1024,
	"prevSize": 32,
	"icons": [
		{
			"paths": [
				"M444.452 885.637l-0.643 0.34c-10.305 6.254-22.236 9.996-35.123 9.996-37.836 0-68.531-30.701-68.531-68.528 0-26.38 15.060-49.019 36.923-60.502l-0.069-0.069 355.086-189.356c-0.204-0.17-0.78-0.302-0.446-0.472 11.632-5.606 19.657-17.556 19.657-31.376 0-12.642-6.998-23.724-17.1-29.744l-415.671-222.125c-4.831-2.412-9.827-3.672-15.37-3.672-18.594 0-33.419 14.599-34.442 32.783l0.069 430.913h-0.541c0 0.239 0.101 0.472 0.101 0.711 0 38.481-31.242 69.61-69.658 69.61-38.483 0-69.621-31.131-69.621-69.61 0-0.101 0-0.101 0-0.17v-484.693c0-78.209 63.467-141.655 141.693-141.655 26.751 0 51.745 7.407 73.060 20.292 0.851 0.457 1.159 0.302 1.87 0.612l480.22 276.698c10.165 5.931 19.547 12.948 28.212 21.612 54.395 54.401 54.395 142.543 0 196.926-7.993 7.956-16.792 14.614-26.007 20.292l-380.856 219.471c-0.941 0.616-1.886 1.090-2.806 1.706v0z"
			],
			"attrs": [],
			"isMulticolor": false,
			"tags": [
				"playIcon"
			],
			"defaultCode": 58894,
			"grid": 32
		},
		{
			"paths": [
				"M231.117 200.971l518.393 311.029-518.393 311.029v-622.054zM117.346 0.021v1023.961l853.298-511.979-853.298-511.979z"
			],
			"attrs": [],
			"isMulticolor": false,
			"tags": [
				"play"
			],
			"defaultCode": 58894,
			"grid": 32
		},
		{
			"paths": [
				"M284.454 0.024c-94.246 0-170.658 76.413-170.658 170.658v682.636c0 94.246 76.413 170.658 170.658 170.658s170.658-76.413 170.658-170.658v-682.636c0-94.246-76.413-170.658-170.658-170.658zM341.342 853.317c0 31.416-25.471 56.887-56.887 56.887s-56.887-25.471-56.887-56.887v-682.636c0-31.416 25.471-56.887 56.887-56.887s56.887 25.471 56.887 56.887v682.636zM739.546 0.024c-94.246 0-170.658 76.413-170.658 170.658v682.636c0 94.246 76.413 170.658 170.658 170.658s170.658-76.413 170.658-170.658v-682.636c0-94.246-76.413-170.658-170.658-170.658zM796.432 853.317c0 31.416-25.471 56.887-56.887 56.887s-56.887-25.471-56.887-56.887v-682.636c0-31.416 25.471-56.887 56.887-56.887s56.887 25.471 56.887 56.887v682.636z"
			],
			"width": 1024,
			"attrs": [],
			"isMulticolor": false,
			"tags": [
				"pause"
			],
			"defaultCode": 58893,
			"grid": 32
		},
		{
			"paths": [
				"M801.665 152.332c18.223 18.223 18.223 47.774 0 65.987l-293.66 293.671 293.66 293.671c18.223 18.223 18.223 47.774 0 65.987-18.223 18.223-47.774 18.223-65.987 0l-326.664-326.664c-18.223-18.223-18.223-47.774 0-65.987l326.664-326.664c9.111-9.111 21.057-13.673 32.993-13.673s23.881 4.563 32.993 13.673zM255.341 138.66c-25.771 0-46.667 20.894-46.667 46.667v653.331c0 25.771 20.894 46.667 46.667 46.667s46.667-20.894 46.667-46.667v-653.331c0-25.771-20.894-46.667-46.667-46.667z"
			],
			"width": 1024,
			"attrs": [],
			"isMulticolor": false,
			"tags": [
				"prev"
			],
			"defaultCode": 58895,
			"grid": 32
		},
		{
			"paths": [
				"M929.286 511.392c0 20.958-17.261 39.446-39.446 39.446h-488.166c-20.958 0-39.446-17.261-39.446-39.446s17.261-39.446 39.446-39.446h489.4c20.958 0 38.211 18.488 38.211 39.446zM188.406 416.472c-51.774 0-94.918 41.917-94.918 94.918s41.917 94.918 94.918 94.918 94.918-41.917 94.918-94.918-43.144-94.918-94.918-94.918zM891.070 185.951h-489.4c-20.958 0-39.446 17.261-39.446 39.446 0 20.958 17.261 39.446 39.446 39.446h489.4c20.958 0 39.446-17.261 39.446-39.446-1.235-22.186-18.488-39.446-39.446-39.446zM188.406 130.476c-51.774 0-94.918 41.917-94.918 94.918 0 51.774 41.917 94.918 94.918 94.918s94.918-41.917 94.918-94.918c-1.235-53.010-43.144-94.918-94.918-94.918zM891.070 759.177h-489.4c-20.958 0-39.446 17.261-39.446 39.446 0 20.958 17.261 39.446 39.446 39.446h489.4c20.958 0 39.446-17.261 39.446-39.446-1.235-22.186-18.488-39.446-39.446-39.446zM188.406 703.7c-51.774 0-94.918 41.917-94.918 94.918 0 51.774 41.917 94.918 94.918 94.918s94.918-41.917 94.918-94.918c-1.235-53.010-43.144-94.918-94.918-94.918z"
			],
			"attrs": [],
			"isMulticolor": false,
			"tags": [
				"playlist"
			],
			"defaultCode": 58902,
			"grid": 32,
			"width": 1024
		},
		{
			"paths": [
				"M222.335 871.659c-18.223-18.223-18.223-47.774 0-65.987l293.66-293.672-293.66-293.672c-18.223-18.223-18.223-47.774 0-65.987 18.223-18.223 47.774-18.223 65.987 0l326.666 326.666c18.223 18.223 18.223 47.774 0 65.987l-326.666 326.666c-9.111 9.111-21.057 13.673-32.993 13.673s-23.881-4.561-32.993-13.673zM768.658 885.332c25.771 0 46.667-20.894 46.667-46.667v-653.331c0-25.771-20.894-46.667-46.667-46.667s-46.667 20.894-46.667 46.667v653.331c0 25.771 20.894 46.667 46.667 46.667z"
			],
			"width": 1024,
			"attrs": [],
			"isMulticolor": false,
			"tags": [
				"next"
			],
			"defaultCode": 58892,
			"grid": 32
		},
		{
			"paths": [
				"M768.004 447.998v64.002c0 130.547-97.723 238.268-224.004 254.021v65.987h96c17.675 0 32.003 14.328 32.003 32.003s-14.328 32.003-32.003 32.003h-256.004c-17.675 0-32.003-14.328-32.003-32.003s14.328-32.003 32.003-32.003h96v-65.987c-126.284-15.755-224.004-123.476-224.004-254.021v-64.002c0-17.675 14.328-32.003 32.003-32.003s32.003 14.328 32.003 32.003v64.002c0 106.043 85.963 192.004 192.004 192.004s192.004-85.963 192.004-192.004v-64.002c0-17.675 14.328-32.003 32.003-32.003s32.003 14.328 32.003 32.003zM511.999 127.992c-70.698 0-128.003 57.305-128.003 128.003v256.004c0 70.698 57.305 128.003 128.003 128.003s128.003-57.305 128.003-128.003v-256.004c0-70.698-57.305-128.003-128.003-128.003zM511.999 576.002c-35.343 0-64.002-28.656-64.002-64.002v-256.004c0-35.343 28.656-64.002 64.002-64.002s64.002 28.656 64.002 64.002v256.004c0 35.343-28.656 64.002-64.002 64.002z"
			],
			"width": 1024,
			"attrs": [],
			"isMulticolor": false,
			"tags": [
				"audio-tracks"
			],
			"defaultCode": 58880,
			"grid": 32
		},
		{
			"paths": [
				"M275.203 954.673h473.603l-236.802-315.735-236.802 315.735zM433.070 875.738l78.933-105.249 78.933 105.249h-157.868zM827.739 165.333h-631.471c-65.416 0-118.4 52.984-118.4 118.4v394.669c0 65.416 52.984 118.4 118.4 118.4h98.667l59.2-78.933h-157.868c-21.805 0-39.467-17.661-39.467-39.467v-394.669c0-21.805 17.661-39.467 39.467-39.467h631.471c21.805 0 39.467 17.661 39.467 39.467v394.669c0 21.805-17.661 39.467-39.467 39.467h-157.868l59.2 78.933h98.667c65.416 0 118.4-52.984 118.4-118.4v-394.669c0-65.416-52.984-118.4-118.4-118.4z"
			],
			"width": 1024,
			"attrs": [],
			"isMulticolor": false,
			"tags": [
				"cast"
			],
			"defaultCode": 58883,
			"grid": 32
		},
		{
			"paths": [
				"M275.2 954.656h473.6l-236.8-315.744-236.8 315.744zM512 512l217.056 284.8h98.656c65.408 0 118.4-52.992 118.4-118.4v-394.656c0-65.408-52.992-118.4-118.4-118.4h-631.456c-65.408 0-118.4 52.992-118.4 118.4v394.656c0 65.408 52.992 118.4 118.4 118.4h98.656l217.088-284.8z"
			],
			"width": 1024,
			"attrs": [
				{
					"fill": "rgb(68, 68, 68)"
				}
			],
			"isMulticolor": false,
			"tags": [
				"cast.jw-off"
			],
			"defaultCode": 58883,
			"grid": 32
		},
		{
			"paths": [
				"M872 632c66.24 0 120-53.76 120-120 0-66.272-53.76-120-120-120h-20.512c-4.256-12.032-9.088-23.776-14.56-35.2l14.496-14.496c46.816-46.88 46.816-122.848 0-169.696-46.88-46.848-122.88-46.848-169.696 0l-14.496 14.496c-11.424-5.472-23.2-10.336-35.232-14.592v-20.48c0-66.272-53.728-120-120-120s-120 53.728-120 120v20.48c-12.032 4.256-23.776 9.12-35.2 14.592l-14.496-14.496c-46.88-46.848-122.848-46.848-169.696 0s-46.848 122.848 0 169.696l14.496 14.496c-5.472 11.424-10.336 23.168-14.592 35.2h-20.48c-66.272 0-120 53.728-120 120 0 66.24 53.728 120 120 120h20.48c4.256 12.032 9.12 23.776 14.592 35.2l-14.496 14.496c-46.848 46.88-46.848 122.88 0 169.696 46.848 46.88 122.848 46.88 169.696 0l14.496-14.496c11.424 5.504 23.168 10.368 35.2 14.624v20.48c0 66.272 53.728 120 120 120s120-53.728 120-120v-20.48c12.032-4.256 23.776-9.12 35.232-14.624l14.496 14.496c46.88 46.88 122.816 46.88 169.696 0 46.816-46.816 46.816-122.816 0-169.696l-14.496-14.496c5.472-11.392 10.304-23.168 14.56-35.2h20.512zM512 672c-88.384 0-160-71.616-160-160s71.616-160 160-160 160 71.616 160 160-71.616 160-160 160z"
			],
			"width": 1024,
			"attrs": [
				{
					"fill": "rgb(68, 68, 68)"
				}
			],
			"isMulticolor": false,
			"tags": [
				"hd.jw-off"
			],
			"defaultCode": 58889,
			"grid": 32
		},
		{
			"paths": [
				"M872.002 632.006c66.27 0 120-53.73 120-120s-53.73-120-120-120h-20.49c-4.26-12.041-9.131-23.79-14.599-35.209l14.501-14.49c46.86-46.871 46.86-122.839 0-169.71-46.871-46.86-122.839-46.86-169.71 0l-14.49 14.501c-11.43-5.471-23.171-10.339-35.209-14.599v-20.49c0-66.27-53.73-120-120-120s-120 53.73-120 120v20.49c-12.041 4.26-23.79 9.131-35.209 14.599l-14.49-14.501c-46.871-46.86-122.839-46.86-169.71 0-46.86 46.871-46.86 122.839 0 169.71l14.501 14.49c-5.471 11.43-10.339 23.171-14.599 35.209h-20.49c-66.27 0-120 53.73-120 120s53.73 120 120 120h20.49c4.26 12.041 9.131 23.79 14.599 35.209l-14.501 14.49c-46.86 46.871-46.86 122.839 0 169.71 46.871 46.86 122.839 46.86 169.71 0l14.49-14.501c11.43 5.471 23.171 10.339 35.209 14.599v20.49c0 66.27 53.73 120 120 120s120-53.73 120-120v-20.49c12.041-4.26 23.79-9.131 35.209-14.599l14.49 14.501c46.871 46.86 122.839 46.86 169.71 0 46.86-46.871 46.86-122.839 0-169.71l-14.501-14.49c5.471-11.43 10.339-23.171 14.599-35.209h20.49zM789.173 552.007c-6.791 47.441-25.47 91.038-52.903 127.691l58.573 58.573c15.619 15.619 15.619 40.961 0 56.563s-40.95 15.619-56.563 0l-1.56-1.571-57.013-57.011c-36.649 27.439-80.25 46.121-127.691 52.903v82.83c0 22.091-17.91 40.001-40.001 40.001s-40.001-17.91-40.001-40.001v-82.83c-47.441-6.791-91.038-25.47-127.691-52.903l-58.573 58.573c-15.619 15.619-40.961 15.619-56.563 0s-15.619-40.95 0-56.563l1.571-1.56 57.011-57.013c-27.439-36.649-46.121-80.25-52.903-127.691h-82.83c-22.091 0-40.001-17.91-40.001-40.001s17.91-40.001 40.001-40.001h82.83c6.791-47.441 25.47-91.038 52.903-127.691l-58.573-58.573c-15.619-15.619-15.619-40.961 0-56.563s40.95-15.619 56.563 0l1.56 1.571 57.013 57.011c36.649-27.439 80.239-46.121 127.691-52.903v-82.83c0-22.091 17.91-40.001 40.001-40.001s40.001 17.91 40.001 40.001v82.83c47.441 6.791 91.038 25.47 127.691 52.903l58.573-58.573c15.619-15.619 40.961-15.619 56.563 0s15.619 40.95 0 56.563l-1.571 1.56-57.011 57.013c27.439 36.649 46.121 80.239 52.903 127.691h82.83c22.091 0 40.001 17.91 40.001 40.001s-17.91 40.001-40.001 40.001h-82.83zM512.004 352.001c-88.368 0-160.001 71.623-160.001 160.001s71.623 160.001 160.001 160.001 160.001-71.623 160.001-160.001-71.623-160.001-160.001-160.001zM512.004 592c-44.179 0-79.999-35.82-79.999-79.999s35.82-79.999 79.999-79.999 79.999 35.82 79.999 79.999-35.82 79.999-79.999 79.999z"
			],
			"width": 1024,
			"attrs": [],
			"isMulticolor": false,
			"tags": [
				"hd"
			],
			"defaultCode": 58890,
			"grid": 32
		},
		{
			"paths": [
				"M841.682 117.325h-659.4c-68.265 0-123.627 55.362-123.627 123.627v453.344c0 68.265 55.362 123.627 123.627 123.627h41.198v206.056l288.484-206.056h329.65c68.298 0 123.66-55.362 123.66-123.627v-453.344c0-68.265-55.362-123.627-123.66-123.627v0h0.066z"
			],
			"width": 1024,
			"attrs": [],
			"isMulticolor": false,
			"tags": [
				"cc.jw-off"
			],
			"defaultCode": 58884,
			"grid": 32
		},
		{
			"paths": [
				"M841.698 199.749c22.729 0 41.215 18.484 41.215 41.215v453.334c0 22.718-18.484 41.202-41.215 41.202h-356.104l-179.654 128.324v-128.324h-123.638c-22.741 0-41.215-18.484-41.215-41.202v-453.334c0-22.741 18.484-41.215 41.215-41.215h659.395zM841.698 117.326h-659.395c-68.278 0-123.638 55.358-123.638 123.638v453.334c0 68.278 55.358 123.638 123.638 123.638h41.215v206.061l288.486-206.061h329.698c68.278 0 123.638-55.358 123.638-123.638v-453.334c0-68.278-55.358-123.638-123.638-123.638v0z"
			],
			"width": 1024,
			"attrs": [],
			"isMulticolor": false,
			"tags": [
				"cc"
			],
			"defaultCode": 58884,
			"grid": 32
		},
		{
			"paths": [
				"M739.219 28.782l-217.998 241.62h-265.194v483.192h265.194l217.998 241.62h80.544v-966.433h-80.544zM739.219 857.705l-172.843-172.843-28.455-11.811h-201.354v-322.164h201.354l28.455-11.811 172.843-172.843v691.469z",
				"M1145.632 511.974l92.355-92.355c15.733-15.733 15.733-41.188 0-56.91s-41.233-15.733-56.966 0l-92.355 92.299-92.355-92.299c-15.733-15.733-41.233-15.733-56.966 0s-15.733 41.188 0 56.91l92.355 92.355-92.355 92.355c-15.733 15.733-15.733 41.233 0 56.966 7.844 7.844 18.206 11.811 28.455 11.811 10.305 0 20.622-3.922 28.455-11.811l92.355-92.355 92.355 92.355c7.844 7.844 18.15 11.811 28.455 11.811 10.26 0 20.622-3.922 28.455-11.811 15.733-15.733 15.733-41.233 0-56.966l-92.243-92.355z"
			],
			"width": 1280,
			"attrs": [],
			"isMulticolor": false,
			"tags": [
				"volume.jw-off"
			],
			"defaultCode": 58897,
			"grid": 32
		},
		{
			"paths": [
				"M521.226 270.399h-265.195v483.193h265.142l217.998 241.62h80.544v-966.434h-80.544l-217.942 241.62zM739.224 857.694l-172.843-172.843-28.455-11.811h-201.354v-322.164h201.354l28.455-11.811 172.843-172.843v691.47zM980.844 270.399v80.544c88.916 0 161.032 72.059 161.032 161.077s-72.115 161.077-161.032 161.077v80.488c133.375 0 241.564-108.142 241.564-241.564 0-133.487-108.19-241.62-241.564-241.62z"
			],
			"width": 1280,
			"attrs": [],
			"isMulticolor": false,
			"tags": [
				"volume"
			],
			"defaultCode": 58898,
			"grid": 32
		},
		{
			"paths": [
				"M853.322 42.656h-128c-23.563 0-42.667 19.104-42.667 42.667s19.104 42.667 42.667 42.667h128c23.573 0 42.667 19.104 42.667 42.667v128c0 23.563 19.104 42.667 42.667 42.667s42.667-19.104 42.667-42.667v-128c0-70.688-57.312-128-128-128zM298.656 42.656h-128c-70.688 0-128 57.312-128 128v128c0 23.563 19.104 42.667 42.667 42.667s42.667-19.104 42.667-42.667v-128c0-23.563 19.104-42.667 42.667-42.667h128c23.563 0 42.667-19.104 42.667-42.656 0-23.573-19.104-42.677-42.667-42.677zM938.656 682.656c-23.563 0-42.667 19.104-42.667 42.667v128c0 23.573-19.093 42.667-42.667 42.667h-128c-23.563 0-42.667 19.104-42.667 42.667s19.104 42.667 42.667 42.667h128c70.688 0 128-57.312 128-128v-128c0-23.563-19.104-42.667-42.667-42.667zM298.656 895.989h-128c-23.563 0-42.667-19.093-42.667-42.667v-128c0-23.563-19.104-42.667-42.656-42.667-23.573 0-42.667 19.104-42.667 42.667v128c0 70.688 57.312 128 128 128h128c23.563 0 42.667-19.104 42.667-42.667s-19.115-42.667-42.677-42.667z"
			],
			"attrs": [],
			"isMulticolor": false,
			"tags": [
				"fullscreen"
			],
			"defaultCode": 58888,
			"grid": 32
		},
		{
			"paths": [
				"M810.667 341.333h128c23.563 0 42.667-19.104 42.667-42.667s-19.104-42.667-42.667-42.667h-128c-23.573 0-42.667-19.093-42.667-42.667v-128c0-23.563-19.104-42.667-42.667-42.667s-42.667 19.104-42.667 42.667v128c0 70.688 57.312 128 128 128zM85.333 341.333h128c70.688 0 128-57.312 128-128v-128c0-23.563-19.104-42.667-42.667-42.667s-42.667 19.104-42.667 42.667v128c0 23.573-19.093 42.667-42.667 42.667h-128c-23.563 0-42.667 19.104-42.667 42.667s19.104 42.667 42.667 42.667zM725.333 981.333c23.563 0 42.667-19.104 42.667-42.667v-128c0-23.573 19.093-42.667 42.667-42.667h128c23.563 0 42.667-19.104 42.667-42.667s-19.104-42.667-42.667-42.667h-128c-70.688 0-128 57.312-128 128v128c0 23.563 19.104 42.667 42.667 42.667zM85.333 768h128c23.573 0 42.667 19.093 42.667 42.667v128c0 23.563 19.104 42.667 42.667 42.667s42.667-19.104 42.667-42.667v-128c0-70.688-57.312-128-128-128h-128c-23.563 0-42.667 19.104-42.667 42.667s19.104 42.667 42.667 42.667z"
			],
			"attrs": [],
			"isMulticolor": false,
			"tags": [
				"fullscreen.jw-off"
			],
			"defaultCode": 58899,
			"grid": 32
		},
		{
			"paths": [
				"M234.678 383.992c-70.688 0-128 57.312-128 128s57.312 128 128 128 128-57.312 128-128-57.312-128-128-128zM234.678 554.659c-23.563 0-42.667-19.104-42.667-42.667s19.104-42.667 42.667-42.667 42.667 19.104 42.667 42.667-19.104 42.667-42.667 42.667zM576.011 383.992c-70.688 0-128 57.312-128 128s57.312 128 128 128 128-57.312 128-128-57.312-128-128-128zM576.011 554.659c-23.563 0-42.667-19.104-42.667-42.667s19.104-42.667 42.667-42.667 42.667 19.104 42.667 42.667-19.104 42.667-42.667 42.667zM917.344 383.992c-70.688 0-128 57.312-128 128s57.312 128 128 128 128-57.312 128-128-57.312-128-128-128zM917.344 554.659c-23.563 0-42.667-19.104-42.667-42.667s19.104-42.667 42.667-42.667 42.667 19.104 42.667 42.667-19.104 42.667-42.667 42.667z"
			],
			"width": 1152,
			"attrs": [],
			"isMulticolor": false,
			"tags": [
				"more"
			],
			"defaultCode": 58900,
			"grid": 32
		},
		{
			"paths": [
				"M572.33 511.989l268.491-268.501c16.661-16.661 16.661-43.68 0-60.331-16.661-16.661-43.669-16.661-60.331 0l-268.501 268.491-268.491-268.491c-16.661-16.661-43.68-16.661-60.341 0s-16.661 43.68 0 60.331l268.501 268.501-268.501 268.501c-16.661 16.661-16.661 43.68 0 60.331 8.331 8.331 19.253 12.501 30.165 12.501s21.845-4.171 30.176-12.501l268.491-268.491 268.501 268.491c8.331 8.331 19.253 12.501 30.165 12.501s21.845-4.171 30.165-12.501c16.661-16.661 16.661-43.68 0-60.331l-268.491-268.501z"
			],
			"attrs": [],
			"isMulticolor": false,
			"tags": [
				"close"
			],
			"defaultCode": 58901,
			"grid": 32
		},
		{
			"paths": [
				"M512 0c-35.328 0-64 28.672-64 64v128c0 35.328 28.672 64 64 64s64-28.672 64-64v-128c0-35.328-28.672-64-64-64zM512 768c-35.328 0-64 28.608-64 64v128c0 35.392 28.672 64 64 64s64-28.608 64-64v-128c0-35.392-28.672-64-64-64zM783.488 331.008l90.496-90.56c25.024-24.96 25.024-65.536 0-90.496-24.96-25.024-65.472-25.024-90.496 0l-90.496 90.496c-25.024 25.024-25.024 65.536 0 90.56 25.024 24.96 65.536 24.96 90.496 0zM240.448 692.992l-90.496 90.496c-25.024 25.024-25.024 65.536 0 90.496 24.96 25.024 65.472 25.024 90.496 0l90.496-90.496c25.024-25.024 25.024-65.472 0-90.496-24.96-24.96-65.472-24.96-90.496 0zM240.448 149.952c-25.024-25.024-65.536-25.024-90.496 0-25.024 24.96-25.024 65.536 0 90.496l90.496 90.56c25.024 24.96 65.536 24.96 90.496 0 25.024-25.024 25.024-65.536 0-90.56l-90.496-90.496zM783.488 692.992c-25.024-25.024-65.472-25.024-90.496 0s-25.024 65.472 0 90.496l90.496 90.496c25.024 25.024 65.536 25.024 90.496 0 25.024-24.96 25.024-65.472 0-90.496l-90.496-90.496zM960 448h-128c-35.392 0-64 28.672-64 64s28.608 64 64 64h128c35.392 0 64-28.672 64-64s-28.608-64-64-64zM256 512c0-35.328-28.672-64-64-64h-128c-35.328 0-64 28.672-64 64s28.672 64 64 64h128c35.328 0 64-28.672 64-64z"
			],
			"attrs": [],
			"isMulticolor": false,
			"tags": [
				"buffer"
			],
			"defaultCode": 58881,
			"grid": 32
		},
		{
			"paths": [
				"M928 234.664v208.003c0 19.146-15.524 34.667-34.667 34.667h-208.003c-19.146 0-34.667-15.524-34.667-34.667s15.524-34.667 34.667-34.667h116.908c-46.654-45.471-83.498-81.467-93.898-91.867-0.087-0.087-0.161-0.161-0.233-0.233-26.493-26.493-57.345-46.99-91.732-60.927-33.227-13.477-68.347-20.307-104.384-20.307s-71.153 6.83-104.384 20.307c-34.38 13.937-65.232 34.44-91.732 60.927-2.324 2.324-4.61 4.68-6.847 7.080-22.187 23.774-39.772 50.814-52.383 80.567-1.934 5.433-4.343 10.695-6.267 16.147-6.43 17.954-26.173 27.343-44.167 21-17.956-6.34-27.42-25.957-21.26-43.924 2.627-7.583 5.578-15.069 8.78-22.436 6.917-16.006 15.053-31.497 24.31-46.247 11.667-18.617 25.177-36.194 40.267-52.374 2.79-3.003 5.633-5.953 8.537-8.85 33.080-33.080 71.673-58.7 114.698-76.147 20.681-8.39 42.293-14.793 64.247-19.040 21.753-4.213 44.019-6.343 66.197-6.343s44.444 2.136 66.186 6.343c21.954 4.247 43.564 10.652 64.247 19.040 43.030 17.447 81.614 43.064 114.698 76.147l0.511 0.511c11.11 11.077 51.177 50.216 101.028 98.8v-131.511c0-19.146 15.524-34.667 34.667-34.667s34.667 15.524 34.667 34.667zM130.656 824.004c19.146 0 34.667-15.524 34.667-34.667v-131.516c49.848 48.587 89.917 87.724 101.028 98.8l0.511 0.511c33.080 33.080 71.673 58.7 114.698 76.147 20.681 8.39 42.293 14.793 64.247 19.040 21.746 4.22 44.010 6.354 66.186 6.354 44.59 0 89.111-8.633 130.434-25.393 43.030-17.447 81.614-43.064 114.698-76.147 2.903-2.891 5.747-5.85 8.537-8.85 15.094-16.18 28.611-33.757 40.267-52.374 9.246-14.75 17.393-30.238 24.31-46.247 3.198-7.367 6.153-14.852 8.78-22.436 6.163-17.967-3.306-37.586-21.26-43.924-17.994-6.343-37.734 3.050-44.167 21-1.923 5.448-4.333 10.717-6.267 16.147-28.394 66.987-83.557 121.241-150.957 148.584-33.22 13.477-68.337 20.307-104.374 20.307s-71.153-6.83-104.384-20.307c-34.38-13.937-65.232-34.44-91.732-60.927-0.074-0.074-0.157-0.157-0.233-0.233-10.4-10.388-47.244-46.394-93.898-91.867h116.908c19.146 0 34.667-15.524 34.667-34.667s-15.524-34.667-34.667-34.667h-208.003c-19.146 0-34.667 15.524-34.667 34.667v208.003c0 19.146 15.524 34.667 34.667 34.667z"
			],
			"width": 1024,
			"attrs": [],
			"isMulticolor": false,
			"tags": [
				"replay"
			],
			"defaultCode": 58896,
			"grid": 32
		},
		{
			"paths": [
				"M638.225 412.121c0 34.395-27.878 62.272-62.272 62.272s-62.272-27.878-62.272-62.272c0-34.395 27.878-62.272 62.272-62.272s62.272 27.878 62.272 62.272z",
				"M607.72 714.287c0 17.542-14.218 31.771-31.771 31.771s-31.771-14.218-31.771-31.771c0-17.542 14.218-31.771 31.771-31.771s31.771 14.218 31.771 31.771z",
				"M607.72 714.287h-63.522l-30.521-302.173h124.545z",
				"M625.588 822.788c0 27.417-22.218 49.635-49.635 49.635s-49.635-22.218-49.635-49.635c0-27.417 22.218-49.635 49.635-49.635s49.635 22.218 49.635 49.635z",
				"M43.364 1023.964c-6.935 0-13.951-1.769-20.419-5.466-19.808-11.296-26.716-36.514-15.401-56.323l536.889-941.29c11.296-19.808 36.543-26.724 56.323-15.42 19.836 11.304 26.743 36.533 15.428 56.351l-536.902 941.29c-7.619 13.348-21.561 20.859-35.911 20.859z",
				"M1108.588 1023.937h-1065.187c-22.811 0-41.305-18.494-41.305-41.305 0-22.819 18.494-41.286 41.305-41.286h1065.187c22.811 0 41.305 18.467 41.305 41.286 0.008 22.811-18.494 41.305-41.305 41.305z",
				"M1108.629 1023.964c-14.442 0-28.457-7.61-36.059-21.094l-528.285-941.309c-11.168-19.9-4.088-45.063 15.804-56.231 19.9-11.176 45.063-4.097 56.231 15.804l528.297 941.282c11.16 19.928 4.088 45.083-15.804 56.259-6.404 3.578-13.34 5.302-20.192 5.302z"
			],
			"width": 1152,
			"attrs": [],
			"isMulticolor": false,
			"tags": [
				"error"
			],
			"defaultCode": 58887,
			"grid": 32
		},
		{
			"paths": [
				"M800 512c0 159.008-128.928 288-288 288s-288-128.992-288-288 128.928-288 288-288 288 128.992 288 288z"
			],
			"attrs": [
				{}
			],
			"isMulticolor": false,
			"tags": [
				"cue"
			],
			"defaultCode": 58886,
			"grid": 32
		},
		{
			"paths": [
				"M144 518.4c0 6.4-6.4 6.4-6.4 0l-3.2-12.8c0 0-6.4-19.2-12.8-38.4 0-6.4-6.4-12.8-9.6-22.4-6.4-6.4-16-9.6-28.8-6.4-9.6 3.2-16 12.8-16 22.4s0 16 0 25.6c3.2 25.6 22.4 121.6 32 140.8 9.6 22.4 35.2 32 54.4 22.4 22.4-9.6 28.8-35.2 38.4-54.4 9.6-25.6 60.8-166.4 60.8-166.4 6.4-12.8 9.6-12.8 9.6 0 0 0 0 140.8-3.2 204.8 0 25.6 0 67.2 9.6 89.6 6.4 16 12.8 28.8 25.6 38.4s28.8 12.8 44.8 12.8c6.4 0 16-3.2 22.4-6.4 9.6-6.4 16-12.8 25.6-22.4 16-19.2 28.8-44.8 38.4-64 25.6-51.2 89.6-201.6 89.6-201.6 6.4-12.8 9.6-12.8 9.6 0 0 0-9.6 256-9.6 355.2 0 25.6 6.4 48 12.8 70.4 9.6 22.4 22.4 38.4 44.8 48s48 9.6 70.4-3.2c16-9.6 28.8-25.6 38.4-38.4 12.8-22.4 25.6-48 32-70.4 19.2-51.2 35.2-102.4 51.2-153.6s153.6-540.8 163.2-582.4c0-6.4 0-9.6 0-12.8 0-9.6-6.4-19.2-16-22.4-16-6.4-32 0-38.4 12.8-6.4 16-195.2 470.4-195.2 470.4-6.4 12.8-9.6 12.8-9.6 0 0 0 0-156.8 0-288 0-70.4-35.2-108.8-83.2-118.4-22.4-3.2-44.8 0-67.2 12.8s-35.2 32-48 54.4c-16 28.8-105.6 297.6-105.6 297.6-6.4 12.8-9.6 12.8-9.6 0 0 0-3.2-115.2-6.4-144-3.2-41.6-12.8-108.8-67.2-115.2-51.2-3.2-73.6 57.6-86.4 99.2-9.6 25.6-51.2 163.2-51.2 163.2l0 3.2z"
			],
			"width": 992,
			"attrs": [
				{}
			],
			"isMulticolor": false,
			"tags": [
				"jw-logo"
			],
			"defaultCode": 58891,
			"grid": 32
		}
	],
	"colorThemes": [],
	"colorThemeIdx": 0,
	"preferences": {
		"showGlyphs": true,
		"showQuickUse": true,
		"showQuickUse2": true,
		"showSVGs": true,
		"fontPref": {
			"prefix": "jw-icon-",
			"metadata": {
				"fontFamily": "jw-thin-icons",
				"majorVersion": 1,
				"minorVersion": 1,
				"fontURL": "http://codecanyon.net/user/facetheme",
				"description": "VideoJS skins for only 7$",
				"copyright": "TAn © 2015",
				"designer": "Tan Vu",
				"designerURL": "http://codecanyon.net/user/facetheme",
				"license": "Standard Licenses",
				"licenseURL": "http://codecanyon.net/licenses/standard"
			},
			"metrics": {
				"emSize": 1024,
				"baseline": 6.25,
				"whitespace": 50
			},
			"showSelector": false,
			"showMetrics": false,
			"showMetadata": true,
			"showVersion": true,
			"embed": false,
			"selector": "",
			"classSelector": ".jwplayerjw-iconbutton",
			"autoHost": true,
			"resetPoint": 58880,
			"cssVars": false
		},
		"imagePref": {
			"prefix": "icon-",
			"png": true,
			"useClassSelector": true,
			"color": 4473924,
			"bgColor": 16777215,
			"classSelector": ".icon",
			"autoHost": true
		},
		"historySize": 100,
		"showCodes": true,
		"gridSize": 16,
		"showGrid": true,
		"quickUsageToken": {
			"jw7-icomoon-icon-setup": "ZDljZjRkMjY2OWZmNDc2Mjk4YTUzMjY4OGZlMDZlNjcjMSMxNDQ3Njk3MDgzIyMj"
		},
		"imageHostingName": false,
		"fontHostingName": false,
		"showLiga": false
	},
	"IcoMoonType": "icon-set"
}